sweep,max_delta
1,10.0
2,9.0
3,8.1
4,7.29
5,6.561
6,5.9049000000000005
7,5.3144100000000005
8,4.7829690000000005
9,0.0
